INSERT INTO `subject` (`subject_id`, `subject_title`) VALUES
('ICT-111', 'OBJECT ORIENTED PROGRAMMING'),
('ICT-107', 'DATA STRUCTURES AND ALGORITHMS'),
('ICT-114', 'SOFTWARE ENGINEERING 1'),
('CS-101', 'DATA SCIENCE 1 (DATA SCIENCE TOOLS AND R PROGRAMMING)'),
('ICT-110', 'APPLICATIONS DEVELOPMENT AND EMERGING TECHNOLOGIES'),
('ICT-112', 'OPERATING SYSTEMS'),
('PE-4', 'PATHFIT 4 - CHOICE OF DANCE, SPORTS, MARTIAL ARTS, GROUP EXERCISE, OUTDOOR AND ADVENTURE ACTIVITIES'),
('GE-ELEC-1', 'ENVIRONMENTAL SCIENCE');

INSERT INTO `instructor` (`instructor_id`, `instructor_name`, `password`) VALUES
('001', 'Mr. C.L. Gimeno', CLG001),
('002', 'Mr. E.A. Centina', EAC002),
('003', 'Mrs. M.F. Franco', MFF003),
('004', 'Mrs. J. Calfoforo', JC004),
('005', 'Mr. L. Barrios', LB005),
('006', 'Ms. M. Escriba', ME006),
('007', 'Prof. J. Marfil', JM007),
('008', 'Dr. R.A. Torres', RAT008);


INSERT INTO `block` (`block_id`, `course_id`, `year_level`, `section`, `school_year`, `semester`) VALUES
(1, 'BSCS', 2, 'B', '2025-2026', '2nd'),
(2, 'BSCS', 2, 'A', '2025-2026', '2nd'),


INSERT INTO `class` (`class_id`, `subject_id`, `instructor_id`, `block_id`) VALUES
(1, 'ICT-111', '001', 1),
(2, 'ICT-107', '002', 1),
(3, 'ICT-114', '003', 1),
(4, 'CS-101', '004', 1),
(5, 'ICT-110', '005', 1),
(6, 'ICT-112', '006', 1),
(7, 'PE-4', '007', 1),
(8, 'GE-ELEC-1', '008', 1);


INSERT INTO `enrollment` (`enrollment_id`, `student_id`, `block_id`) VALUES
(1, '2024-5547-A', 1),
(2, '2024-2117-A', 1),
(3, '2024-0139-I', 1),
(4, '2024-9655-A', 1),
(5, '2024-2940-I', 1),
(6, '2024-5926-A', 1),
(7, '2024-2159-A', 1),
(8, '2024-2082-I', 1),
(9, '2024-0430-A', 1),
(10, '2024-8400-I', 1),
(11, '2024-9527-A', 1),
(12, '2024-3925-A', 1),
(13, '2024-7689-A', 1),
(14, '2024-4720-I', 1),
(15, '2024-7159-A', 1),
(16, '2024-7036-I', 1),
(17, '2024-2695-I', 1),
(18, '2024-7089-I', 1),
(19, '2024-2645-A', 1),
(20, '2024-0117-I', 1),
(21, '2024-6243-I', 1),
(22, '2024-4103-A', 1),
(23, '2024-4418-A', 1),
(24, '2024-8686-A', 1),
(25, '2024-0730-I', 1),
(26, '2024-4502-A', 1),
(27, '2024-8224-I', 1),
(28, '2024-2780-I', 1),
(29, '2024-7956-I', 1),
(30, '2024-5287-I', 1),
(31, '2024-4329-A', 1),
(32, '2024-8088-I', 1),
(33, '2024-2219-I', 1),
(34, '2024-4548-A', 1),
(35, '2024-6012-A', 1),
(36, '2024-8045-A', 1),
(37, '2024-6325-I', 1),
(38, '2024-6609-I', 1),
(39, '2024-4620-I', 1),

(40, '2024-7341-A', 2),
(41, '2024-5305-I', 2),
(42, '2024-4203-A', 2),
(43, '2024-2011-A', 2),
(44, '2024-0996-A', 2),
(45, '2024-5688-A', 2),
(46, '2024-5446-I', 2),
(47, '2024-3660-I', 2),
(48, '2024-2723-A', 2),
(49, '2024-8086-A', 2),
(50, '2024-2517-I', 2),
(51, '2024-4618-I', 2),
(52, '2024-8740-I', 2),
(53, '2024-3501-I', 2),
(54, '2024-0363-A', 2),
(55, '2024-5909-A', 2),
(56, '2024-7018-A', 2),
(57, '2024-0625-A', 2),
(58, '2024-6727-I', 2),
(59, '2024-9076-A', 2),
(60, '2024-1915-I', 2),
(61, '2024-1334-A', 2),
(62, '2024-7762-I', 2),
(63, '2024-5826-I', 2),
(64, '2024-6066-A', 2),
(65, '2024-5054-I', 2),
(66, '2024-1736-I', 2),
(67, '2024-3548-I', 2),
(68, '2024-0033-I', 2),
(69, '2024-3886-I', 2),
(70, '2024-4749-A', 2),
(71, '2024-2476-I', 2),
(72, '2024-1656-I', 2),
(73, '2024-3988-A', 2),
(74, '2025-2571-I', 2),
(75, '2024-4005-I', 2),
(76, '2024-7078-I', 2),
(77, '2024-4315-A', 2),
(78, '2024-6759-I', 2),
(79, '2024-2559-I', 2),
(80, '2024-4772-A', 2),
(81, '2024-9355-A', 2),
(82, '2024-1623-I', 2),
(83, '2024-1100-I', 2);


INSERT INTO `subject_enrollment` (`enrollment_id`, `subject_id`, `instructor_id`) VALUES
(1, 'ICT-110', '005'), 
(2, 'ICT-110', '005'), 
(3, 'ICT-110', '005'), 
(4, 'ICT-110', '005'), 
(5, 'ICT-110', '005'),
(6, 'ICT-110', '005'), 
(7, 'ICT-110', '005'), 
(8, 'ICT-110', '005'), 
(9, 'ICT-110', '005'), 
(10, 'ICT-110', '005'),
(11, 'ICT-110', '005'), 
(12, 'ICT-110', '005'), 
(13, 'ICT-110', '005'), 
(14, 'ICT-110', '005'), 
(15, 'ICT-110', '005'),
(16, 'ICT-110', '005'), 
(17, 'ICT-110', '005'), 
(18, 'ICT-110', '005'), 
(19, 'ICT-110', '005'), 
(20, 'ICT-110', '005'),
(21, 'ICT-110', '005'), 
(22, 'ICT-110', '005'), 
(23, 'ICT-110', '005'), 
(24, 'ICT-110', '005'), 
(25, 'ICT-110', '005'),
(26, 'ICT-110', '005'), 
(27, 'ICT-110', '005'), 
(28, 'ICT-110', '005'), 
(29, 'ICT-110', '005'), 
(30, 'ICT-110', '005'),
(31, 'ICT-110', '005'), 
(32, 'ICT-110', '005'), 
(33, 'ICT-110', '005'), 
(34, 'ICT-110', '005'), 
(35, 'ICT-110', '005'),
(36, 'ICT-110', '005'), 
(37, 'ICT-110', '005'), 
(38, 'ICT-110', '005'), 
(39, 'ICT-110', '005'), 

(40, 'ICT-110', '005'),
(41, 'ICT-110', '005'), 
(42, 'ICT-110', '005'), 
(43, 'ICT-110', '005'), 
(44, 'ICT-110', '005'), 
(45, 'ICT-110', '005'),
(46, 'ICT-110', '005'), 
(47, 'ICT-110', '005'), 
(48, 'ICT-110', '005'), 
(49, 'ICT-110', '005'), 
(50, 'ICT-110', '005'),
(51, 'ICT-110', '005'), 
(52, 'ICT-110', '005'), 
(53, 'ICT-110', '005'), 
(54, 'ICT-110', '005'), 
(55, 'ICT-110', '005'),
(56, 'ICT-110', '005'), 
(57, 'ICT-110', '005'), 
(58, 'ICT-110', '005'), 
(59, 'ICT-110', '005'), 
(60, 'ICT-110', '005'),
(61, 'ICT-110', '005'), 
(62, 'ICT-110', '005'), 
(63, 'ICT-110', '005'), 
(64, 'ICT-110', '005'), 
(65, 'ICT-110', '005'),
(66, 'ICT-110', '005'), 
(67, 'ICT-110', '005'), 
(68, 'ICT-110', '005'), 
(69, 'ICT-110', '005'), 
(70, 'ICT-110', '005'),
(71, 'ICT-110', '005'), 
(72, 'ICT-110', '005'), 
(73, 'ICT-110', '005'), 
(74, 'ICT-110', '005'), 
(75, 'ICT-110', '005'),
(76, 'ICT-110', '005'), 
(77, 'ICT-110', '005'), 
(78, 'ICT-110', '005'), 
(79, 'ICT-110', '005'), 
(80, 'ICT-110', '005'),
(81, 'ICT-110', '005'), 
(82, 'ICT-110', '005'), 
(83, 'ICT-110', '005');


INSERT INTO `student` (`student_id`, `first_name`, `middle_name`, `last_name`, `date_of_birth`, `gender`) VALUES
('2024-0117-I', 'JOHN', 'LIM', 'LIZARDO', NULL, 'male'),
('2024-0139-I', 'ALTHEA JENNE', 'SIMPAS', 'GEPANAYAO', NULL, 'female'),
('2024-0430-A', 'JON ALDRICH', 'TENIZO', 'AGSAMOSAM', NULL, 'male'),
('2024-0730-I', 'JOFEL', 'BLANCO', 'PUERTA', NULL, 'male'),
('2024-2082-I', 'PIA ISABELLA', 'TABUADA', 'YAP', NULL, 'female'),
('2024-2117-A', 'QUEEN KIMBERLY', 'CASQUEJO', 'CALIMBO', NULL, 'female'),
('2024-2159-A', 'CHRISHELLE', 'GICOS', 'VALENZUELA', NULL, 'female'),
('2024-2219-I', 'MARIAN JANE', 'SAPELINO', 'CARGASON', NULL, 'female'),
('2024-2645-A', 'EJ', 'MOVIERA', 'HECHANOVA', NULL, 'male'),
('2024-2695-I', 'MARK EDEZON', 'SA-AVEDRA', 'DE VERA', NULL, 'male'),
('2024-2780-I', 'JOYETTE', 'CARDORA', 'SILAO', NULL, 'male'),
('2024-2940-I', 'ANIKA RAFAELLE', 'TUMIBANG', 'PASCUAL', NULL, 'female'),
('2024-3925-A', 'DUSTIN RAIN', 'JALES', 'ASPERA', NULL, 'male'),
('2024-4103-A', 'JOHN CARLO', 'SODUSTA', 'PELER', NULL, 'male'),
('2024-4329-A', 'CATHERINE', 'LAMORENO', 'CAGUD', NULL, 'female'),
('2024-4418-A', 'IAN PAUL', 'CASTEN', 'PERALES', NULL, 'male'),
('2024-4502-A', 'JEFF JAYRON', 'VALLEJO', 'PUSOC', NULL, 'male'),
('2024-4548-A', 'CHARLENE', 'SILLA', 'MALLORCA', NULL, 'female'),
('2024-4620-I', 'JAHZEL JAY', 'CANTOMAYOR', 'CATANUS', NULL, 'male'),
('2024-4720-I', 'JUSTIN', 'GUEVARRA', 'CONDE', NULL, 'male'),
('2024-5287-I', 'CHARLES NEWELL', 'BAGNOL', 'VESTUIR', NULL, 'male'),
('2024-5547-A', 'TRACY MARIE', 'PAGUNSAN', 'BOHOLANO', NULL, 'female'),
('2024-5926-A', 'SAMANTHA MEI', 'VANCE', 'TORIO', NULL, 'female'),
('2024-6012-A', 'JESHARIE MARIE', 'ANGELES', 'PASCO', NULL, 'female'),
('2024-6243-I', 'JAZZ', 'ESCRUPOLO', 'NOCA', NULL, 'male'),
('2024-6325-I', 'ALEXIS PRINCE', 'CAPILITAN', 'CABALONGA', NULL, 'male'),
('2024-6609-I', 'JOHN MICHAEL', 'INOCENCIO', 'CAPAGSITA', NULL, 'male'),
('2024-7036-I', 'CHARLES NATHANIEL', 'DUBRIA', 'CORONADO', NULL, 'male'),
('2024-7089-I', 'JUSTIN', 'NOSERALE', 'GARROVILLO', NULL, 'male'),
('2024-7159-A', 'RALPH JOSH', 'DETOMAL', 'CORDERO', NULL, 'male'),
('2024-7689-A', 'JOHANN CZAR', 'DE ASIS', 'BACTONG', NULL, 'male'),
('2024-7956-I', 'JAN SINEAD', 'JORGE', 'TIRASOL', NULL, 'male'),
('2024-8045-A', 'MARIAH REXANNE', 'VILLARDO', 'VINSON', NULL, 'female'),
('2024-8088-I', 'ELYSSA DANIELLE', 'PUNSALAN', 'CALERA', NULL, 'female'),
('2024-8224-I', 'NIÑO RONALD DAVIV', 'VILLANUEVA', 'REY', NULL, 'male'),
('2024-8400-I', 'LAWRENCE JOHN', 'ALIMEN', 'ALIMEN', NULL, 'male'),
('2024-8686-A', 'TRISTAN', 'DICEN', 'PISTOLANTE', NULL, 'male'),
('2024-9527-A', 'JETHRO ZYRON', 'RUEGO', 'ANGELES', NULL, 'male'),
('2024-9655-A', 'JANAH LOUISSE', 'ALBONIAN', 'MORALLOS', NULL, 'female'),

('2024-7341-A', 'FRANCIS', 'JAVELLANA', 'ABELLANA', NULL, 'male'),
('2024-5305-I', 'JACKIE', ' MONTUYA', 'AGUILAR', NULL, 'female'),
('2024-4203-A', 'RHANE RUZZEL', 'VILLAREAL', 'ALIMO-ON', NULL, NULL),
('2024-2011-A', 'JOHN LEANDRO', '', 'ALINTANA', NULL, 'male'),
('2024-0996-A', 'SHARNY MAY', 'ALICER', 'ALLONAR', NULL, 'female'),
('2024-5688-A', 'RALPH LAURENCE', 'LOSADA', 'AMOSCO', NULL, 'male'),
('2024-5446-I', 'QUIN JOSEPH', 'PASTRANA', 'AMPARO', NULL, NULL),
('2024-3660-I', 'JAMES ANTHONY', 'SALANATIN', 'ARCENAS', NULL, 'male'),
('2024-2723-A', 'KATE ANGELA', 'BALANIS', 'ARROYO', NULL, 'female'),
('2024-8086-A', 'GELYN FAITH', 'JANDOQUILE', 'ATUN', NULL, 'female'),
('2024-2517-I', 'MA. DIVINE GRACE', 'SALEM', 'AYUPAN', NULL, 'female'),
('2024-8740-I', 'JIMREX', 'FLEJOLES', 'BACUTA', NULL, 'male'),
('2024-3501-I', 'RALPH ALLAN', ' GUSTILO', 'BADILLES', NULL, 'male'),
('2024-0363-A', 'HANS MAURIEL', 'LADAO', 'BALDEVARONA', NULL, 'male'),
('2024-5909-A', 'EJRICH JOSH MATTHEW', 'ARANTE', 'BALING', NULL, 'male'),
('2024-7018-A', 'NICOLETTE JYN', 'SORIANO', 'BAUTISTA', NULL, 'female'),
('2024-0625-A', 'PSAM RAVEN', 'MAAYA', 'BORDA', NULL, 'male'),
('2024-6727-I', 'CARL ADRIAN', 'CASTRO', 'BUENJEMIA', NULL, 'male'),
('2024-9076-A', 'MARIA CHARLIZE ZOE', 'LUNTAO', 'BUNCAD', NULL, 'female'),
('2024-1915-I', 'JASSEN GABRIEL', 'DULOG', 'DE JUAN', NULL, 'male'),
('2024-1334-A', 'JOSHUA', 'TADIAQUE', 'DELANTAR', NULL, 'male'),
('2024-7762-I', 'WAYNE ELWIN', 'GEMPIS', 'DUNTON', NULL, NULL),
('2024-5826-I', 'JULES AMIEL', 'PASAPORTE', 'ESPINOSA', NULL, NULL),
('2024-6066-A', 'CAREN', 'TALIPAN', 'ESTEMBER', NULL, NULL),
('2024-5054-I', 'ALLEN HARVEY', 'CANTERAS', 'EVANGELISTA', NULL, 'male'),
('2024-1736-I', 'NOVEE JOHN', 'PACIOSANI', 'FAROCHELIN', NULL, 'male'),
('2024-3548-I', 'GABRIEL MARCEL', 'D', 'FIGUES', NULL, 'male'),
('2024-0033-I', 'ROSS MATTHEW PHILIP', 'CAMILOTES', 'GEQUILAPO', NULL, 'male'),
('2024-3886-I', 'LOEL JOSEPH', 'ZAMORA', 'HOFILEÑA', NULL, 'male'),
('2024-4749-A', 'ANDRIY', 'JUANITES', 'JALBUENA', NULL, NULL),
('2024-2476-I', 'MARY CLAIRE', 'PATIAM', 'JORDAN', NULL, 'female'),
('2024-1656-I', 'CHARLES ADRIAN', 'MIRASOL', 'LEGADA', NULL, 'male'),
('2024-3988-A', 'JOHN CHRISTOPHER', 'ORESCO', 'LEGADO', NULL, 'male'),
('2025-2571-I', 'NATHANIEL', 'FERNANDEZ', 'MANALO', NULL, 'male'),
('2024-4005-I', 'MANILYN JOY', 'PARREL', 'NAVIGAR', NULL, 'female'),
('2024-7078-I', 'LIANNA LOUISE', 'TALLEDO', 'NGITNGIT', NULL, 'female'),
('2024-4315-A', 'CIARNE NISTELE', 'GADOT', 'OLA', NULL, NULL),
('2024-6759-I', 'FRANCIS PANFEL', 'BALEDIONG', 'OPLAS', NULL, 'male'),
('2024-2559-I', 'JESSIE', 'VILLANUEVA', 'PADILLA', NULL, NULL),
('2024-4772-A', 'FRITZ VINCENT', 'GANCERO', 'PAMPOSA', NULL, 'male'),
('2024-9355-A', 'ARIAN JOY', 'COLORADO', 'PANAGUITON', NULL, 'female'),
('2024-1623-I', 'REIGN MARC', 'OCCENOLA', 'PORRAS', NULL, NULL),
('2024-1100-I', 'ALTHEA MARIZ', 'FERFAS', 'SELERIO', NULL, 'female');


INSERT INTO `schedule` (`schedule_id`, `class_id`, `sched_start`, `sched_end`, `day_of_week`) VALUES
(1, 2, '07:30:00', '08:30:00', 'monday'),
(2, 3, '10:30:00', '12:00:00', 'monday'),
(3, 2, '13:30:00', '15:00:00', 'monday'),
(4, 7, '15:30:00', '16:30:00', 'monday'),
(5, 2, '07:30:00', '08:30:00', 'tuesday'),
(6, 3, '09:30:00', '11:00:00', 'tuesday'),
(7, 4, '11:00:00', '12:30:00', 'tuesday'),
(8, 6, '13:30:00', '15:00:00', 'tuesday'),
(9, 3, '15:30:00', '17:00:00', 'tuesday'),
(10, 5, '10:00:00', '11:30:00', 'wednesday'),
(11, 1, '14:00:00', '15:30:00', 'wednesday'),
(12, 4, '07:30:00', '08:30:00', 'thursday'),
(13, 6, '14:00:00', '15:30:00', 'thursday'),
(14, 8, '16:30:00', '18:00:00', 'thursday'),
(15, 4, '07:30:00', '08:30:00', 'friday'),
(16, 8, '16:30:00', '18:00:00', 'friday');
